Código;Descripción;C.p.a
1263;Anis Filtrante;2,00
1286;Avena Con Durazno 12 Oz;0,60
1287;Avena Con Durazno 16 Oz;1,00
1256;Cafe Con Leche 12 Onz Maquina;1,00
1258;Cafe Con Leche 12 Onz;2,00
1242;Cafe Pasado 12 Oz;4,24
1246;Cafe Americano 12 Oz;2,80
1245;Cafe Capuccino 12 Oz;2,80
1244;Capuccino Descremado;10,00
1243;Capuccino Deslactosado;10,00
1315;Manicho Con Mani;1,20
1319;Chocolate Caliente 12 Oz;3,09
1255;Expreso;2,22
1264;Hierba Luisa Filtrante;0,09
1262;Manzanilla Filtrante;2,00
1300;Quinua Con Piña 8 Oz;6,00
1310;Siete Semillas 12 Oz;3,00
1260;Te Canela Y Clavo Filtrante;0,09
1259;Te Filtrante;0,06
1261;Te Naranja Filtrante;1,00
1267;Te Verde Filtrante;4,44
9928;Cafe Mocaccino 12 Oz;3,09
3100;Avena De Frutos Secos;1,00
3115;Leche Caliente;5,00
1330;Expreso Doble;2,22
1331;Cafe Cortado;2,22
1352;Termo De Chocolate Caliente;13,00
1353;Cafe Pasado Economico 12 Oz;0,90
1235;Chicha Morada 12 Oz;1,00
1236;Chicha Morada 16 Oz;1,00
1165;Jugo De Papaya Y Piña 12oz;1,50
1211;Jugo De Fresa 12 Oz;1,00
1212;Jugo De Fresa 16 Oz;5,93
1149;Jugo De Fresa Con Leche 12oz;2,00
1150;Jugo De Fresa Con Leche 16 Oz;6,78
1156;Jugo Especial 16 Oz;1,90
1137;Jugo De Mango 12oz;1,00
1138;Jugo De Mango 16oz;1,00
1141;Batido Frutos Rojos;8,00
1174;Jugo De Arandano Con Leche 16 Oz;4,00
1176;Batido Arandano;1,50
1177;Jugo De Naranja 12 Oz;1,00
1178;Jugo De Naranja 16 Oz;5,93
1121;Jugo De Papaya 12 Oz;6,08
1122;Jugo De Papaya 16 Oz;5,08
1129;Jugo De Piña 12 Oz;1,00
1207;Jugo Surtido 12 Oz;2,00
1208;Jugo Surtido 16 Oz;2,00
1237;Maracuya 12 Oz;1,00
1238;Maracuya 16 Oz;1,00
1322;Refresco Chicha Morada;1,00
1323;Refresco Chicha Morada 500 Ml;1,00
1321;Refresco Del Dia;1,00
1332;Jugo De Lucuma Con Leche;9,00
1345;Botella De Chicha Morada 340 Ml;1,69
1346;Botella De Maracuya 340 Ml;0,31
1347;Leche Deslactosada Adicional;0,31
1324;Vaso De Refresco;0,05
1138-1;Jugo De Mango Con Leche 16oz;1,00
0216;Ensalada Choclona;13,56
0210;Ensalada Clasiquera Univ;8,00
0213;Ensalada Cocida Univ;18,00
0214;Ensalada Delicia Univ;18,00
0211;Ensalada Peruana Univ;18,00
0212;Ensalada Popeye Univ;18,00
0215;Ensalada Victoria Univ;18,00
0223;Ensalada Lenteja;16,36
0224;Ensalada Americana;16,36
0225;Ensalada Pasta Capresse;16,36
0226;Ensalada Tabule;16,36
0227;Ensalada Del Huerto;16,36
0228;Ensalada Mi Camote;16,36
0229;Ensalada La Iqueña;16,36
0231;Ensalada Divertida;16,36
0232;Ensalada Mediterranea;18,00
0235;Ensalada La Soltera;16,36
0236;Ensalada Arcoiris;16,36
0271;Ensalada Clasiquera;12,71
0272;Ensalada Cocida;16,36
0181;Ensalada Peruana;12,71
0270;Poke Bowl;5,00
7005;Aliño De La Casa;0,95
7007;Aliño Honey Mustard;2,65
7017;Aliño Limonera;4,37
2152;Entrada Sola;2,00
2153;Postre Solo;1,00
2154;Presa Adicional;1,00
2273;Porcion De Papas Al Hilo;1,00
M001;Menu Economico;16,47
M002;Menu Ejecutivo 1;10,59
M021;Menu Ejecutivo 1 Sin Postre O Entrada;11,86
M047;Menu Segundo Solo;3,00
M005;Menu Completo Callao;10,00
M048;Segundo Solo;6,00
M049;Segundo Con Postre;6,00
M051;Solo Entrada;1,80
M026;Almuerzo Completo Copsa;5,00
M027;Almuerzo Con Postre O Entrada Copsa;4,00
M028;Almuero Segundo Solo Copsa;4,00
M029;Cena Completo Copsa;5,00
M030;Cena Con Postre O Entrada Copsa;4,00
M031;Cena Segundo Solo Copsa;4,00
M032;Amanecida Almuerzo Completo Copsa;5,00
M033;Amanecida Con Postre O Entrada Copsa;4,00
M034;Amanecida Segundo Solo Copsa;4,00
9001;Alitas A La Bbq X 3;3,00
9003;Alitas A La Bbq X 4;4,00
9097;Papa Rellena;5,00
4120;Tamal Con Zarza Criolla;1,02
2122;Flan 12 Onz;1,00
6034;Chaufa Amazonico;2,00
3124;Especialidad Del Cheff;11,02
M006;Menu Vegetariano;7,50
4051;Churrasco A Lo Pobre;1,00
4032;Bistec A La Plancha Con Ensalada Fresca Y Arroz;6,00
4031;Bistec A La Plancha Con Papas Fritas Y Arroz;6,00
4053;Bistec A Lo Pobre;14,34
4059;1 Pollo A La Brasa;15,00
4057;1/4 Pollo A La Brasa;8,00
4069;Broaster Con Arroz Chaufa;18,00
4070;Pollo Broaster 2x1 + Bebida;8,00
4071;Alitas Bbq 2x1 + Bebida;6,00
4072;Broaster;3,50
4082;Chaufa De Carne;14,41
4073;Chaufa De Pollo;12,71
4074;Chaufa De Pollo - Chico;5,00
4080;Chaufa Amazonico + Bebida;5,00
4078;Chaufa Vegetariano;1,00
4079;Mostrito Economico;1,90
4097;Porcion De Arroz;1,00
4096;Porcion De Ensalada;1,00
4094;Porcion De Huevo Frito;1,00
4095;Porcion De Huevo Sancochado;1,00
4100;Porcion De Palta;1,00
4098;Porcion De Platano Frito;1,00
2227;Porcion De Papa Frita;1,00
4117;Papa Rellena Con Zarza Criolla;1,20
4118;Humitas;2,00
4152;Club Sandwich;20,00
4137;Hamburguesa A Lo Pobre Con Papas Fritas;8,00
4140;Hamburguesa Doble Carne Con Papas Fritas;5,00
4028;Milanesa A Lo Pobre;1,00
4011;Milanesa Con Ensalada Fresca Y Papa Frita;8,00
4027;Milanesa Con Tallarines Verdes;5,00
4184;Pechuga A La Plancha Con Ensalada Fresca Y Papa Frita;18,00
4200;Pechuga A Lo Pobre;15,25
4191;Milanesa De Pollo Completa;8,00
4208;Leche De Tigre;2,50
4165;Salchi Frankfurter;17,71
4167;Salchi Royal;5,00
4164;Salchibroaster;5,00
4170;Salchipapa 2x1 + Bebida;8,47
4162;Salchipapa A Lo Pobre;11,02
4161;Salchipapa Chica;4,00
4172;Combo 1:salchipapa + Gaseosa 300 Ml;1,00
4250;Lomo Saltado;14,41
4236;Pollo Saltado;12,71
4267;Caldo De Gallina Sin Presa;10,00
4285;Menu Economico Sin Postre O Entrada;5,47
4281;Sopa A La Minuta;1,00
4277;Sopa Criolla;1,00
4271;Sopa Dieta De Pollo;1,00
4299;Tallarin Saltado De Carne;14,41
4295;Tallarin Saltado De Pollo;12,71
4416;Tallarines Al Alfredo;1,00
4418;Duo De Pasta + Bebida;14,41
4419;Duo De Pastas;3,50
4420;Spaguetti A La Huancaina (con Anticucho);10,00
4341;Tallarines A La Huancaina Con Lomo;1,00
4173;Dieta Solida;3,50
3099;Pan De Hamburguesa Con Pollo;0,58
3116;Panini Mixto;5,51
2188;Aguaymanto Picado 6 Onz.;1,00
2189;Arandanos 6 Onz.;10,59
2175;Ensalada De Frutas Chica;5,93
2177;Ensalada De Frutas Grande;2,00
2193;Manzana Chilena Roja Sn;1,20
2181;Papaya Picada 1/2 Litro;4,45
2196;Pera Fruta;0,90
2179;Piña Golden Picada 1/2 Litro;7,20
2192;Platano De Isla Sn;1,00
2191;Platano De Seda Sn;0,70
2183;Sandia Picada 1/2 Litro;1,00
2190;Tuna Picada 6 Onz.;1,00
1035;Parfait Con Granola 12 Onza;6,78
2350;Marciano De Fruta Con Leche;0,50
3085;Focaccia;2,12
3087;Pizza De Americana;6,78
3086;Pizza Hawaiana;6,78
3123;Pizza Pepperoni;2,80
2211;Arroz Zambito 8 Onz.;3,50
2198;Flan 8 Onz;3,39
2199;Flan Con Gelatina 12 Onz;1,00
2205;Gelatina Batida De Fresa 8 Onz.;1,00
2206;Gelatina Batida De Piña 8 Onz.;1,00
2201;Gelatina De Fresa 8 Onz;2,00
2213;Mazamorra Morada;1,20
2215;Pudin De Chocolate 8 Onz.;2,97
2214;Pudin De Vainilla 8 Onz.;1,00
3006;Pan Con Aceituna Negra;5,00
3002;Pan Con Huevo Revuelto;1,10
3012;Pan Con Jamonada;0,80
3005;Pan Revuelto De Hot Dog;1,00
3010;Pan Con Salchicha Huachana;8,96
3013;Pan Con Tamal;1,27
2271;Pan Con Torreja;1,00
2275;Choripan;5,08
7034;Choripan Jr;1,20
2264;Pan Con Queso;0,80
1543;Pan Con Pollo Economico;0,80
1545;Pan Con Huevo Economico;0,80
3049;Croissant De Pollo;6,93
3050;Croissant Mixto;5,08
3052;Croissant De Pollo Con Apio;3,00
3051;Croissant De Pollo Con Durazno;6,78
3038;Hamburguesa;9,32
3040;Hamburguesa Con Huevo;1,00
3039;Hamburguesa Economica;2,00
3041;Hamburguesa Royal;7,63
3075;Mixto Caliente;1,00
3076;Mixto Completo;2,00
3018;Pita Capresse;1,00
3016;Pita Con Palta;1,00
3015;Pita Con Pollo;5,93
3019;Pita Con Pollo Y Durazno;6,78
3017;Pita Con Pollo Y Palta;6,78
3020;Pita Clasico;1,00
3014;Pita Con Queso Fresco;5,00
3022;Pita Mixto;4,66
3059;Sandwich Butifarra;2,00
3054;Sandwich Con Milanesa;2,50
3056;Sandwich De Chicharron;3,00
3073;Sandwich De Filete De Pollo;1,00
3074;Sandwich De Filete Con Palta;1,00
3068;Sandwich De Hot Dog;1,64
3081;Sandwich De Pollo Ciabatta;2,00
3061;Sandwich De Pollo En Pan Hamburguesa;7,00
3069;Sandwich Frankfurter;12,93
3084;Combo Hamburguesa +cafe 8onz;4,00
3079;Sandwich Panini Con Pollo;1,00
3062;Sandwich Poderoso;7,63
3063;Sandwich Proteico;1,00
3043;Triple Clasico;5,08
3047;Triple De Aceituna;1,00
3046;Triple De Jamon+ Huevo Y Pollo;1,00
3044;Triple Jamon, Queso Y Pollo;5,93
3045;Triple Vegetariano;1,50
3120;Combo Sandwich + Epic;5,00
3200;Croissant Huevo Tocino;3,00
3121;Combo 2: Canchita Popcorn + Refresco;1,00
3122;Combo 3: Snack + Gaseosa;1,00
3125;Triple Pollo, Jamon Y Durazno;2,80
3132;Sandwich Tres Jamones;1,50
3050-1;Croissant Mixto Completo;2,00
9058;Parfait Con Chia 12 Onz;3,20
2129;Gelatina 12 Onz;0,60
9059;Parfait Frutado 12 Onz;6,00
3090;Wrap Americano;1,00
3089;Wrap Clasico;5,85
3095;Desayuno Estudiantil;5,08
3093;Desayuno Americano;5,00
3094;Desayuno Ejecutivo;5,00
2230;Tostadas Con Mermelada Y Matequilla;1,50
2231;Tostadas Sn;9,24
