Codigo,Producto,Precio,Grupo
"M028","Almuero Segundo Solo Copsa",9.00,"Empresas"
"M026","Almuerzo Completo Copsa",11.00,"Empresas"
"M027","Almuerzo Con Postre O Entrada Copsa",9.50,"Empresas"
"M029","Cena Completo Copsa",11.00,"Empresas"
"M030","Cena Con Postre O Entrada Copsa",9.50,"Empresas"
"2152","Entrada Sola",4.00,"Empresas"
"M005","Menu Completo Callao",11.00,"Empresas"
"M001","Menu Economico",13.00,"Empresas"
"M002","Menu Ejecutivo 1",14.90,"Empresas"
"M021","Menu Ejecutivo 1 Sin Postre O Entrada",13.00,"Empresas"
"M047","Menu Segundo Solo",10.00,"Empresas"
"2153","Postre Solo",3.00,"Empresas"
"2154","Presa Adicional",5.00,"Empresas"
"M049","Segundo Con Postre",9.50,"Empresas"
"M048","Segundo Solo",9.00,"Empresas"
"1031","Coca Cola 3 L",15.50,"Gaseosas"
"1029","Coca Cola 500 Ml",3.50,"Gaseosas"
"2345","Coca Cola Mini 300 Ml",2.50,"Gaseosas"
"1032","Coca Cola Zero 500 Ml",3.50,"Gaseosas"
"1034","Fanta Kola Inglesa 500 Ml",3.50,"Gaseosas"
"1036","Fanta Naranja 500 Ml",3.50,"Gaseosas"
"1549","Hey Fit Golden Fizz Botella 600 Ml",3.50,"Gaseosas"
"1550","Hey Fit Summer Breeze Botella 600 Ml",3.50,"Gaseosas"
"1551","Hey Fit Tango Twist Botella 600 Ml",3.50,"Gaseosas"
"1040","Inca Kola 1.5 L",9.00,"Gaseosas"
"1041","Inca Kola 3l",15.00,"Gaseosas"
"1039","Inca Kola 500 Ml",3.50,"Gaseosas"
"2346","Inca Kola Mini 300 Ml",2.50,"Gaseosas"
"1042","Inca Kola Zero 500 Ml",3.50,"Gaseosas"
"1044","Sprite 400 Ml",3.50,"Gaseosas"
"2275","Choripan",6.00,"Sandwich's Vitrina"
"1023","Combo Sandwich + Pepsi",5.00,"Sandwich's Vitrina"
"3049","Croissant de Pollo",8.00,"Sandwich's Vitrina"
"3052","Croissant de Pollo Con Apio",8.00,"Sandwich's Vitrina"
"3051","Croissant de Pollo Con Durazno",8.00,"Sandwich's Vitrina"
"3200","Croissant Huevo Tocino",8.00,"Sandwich's Vitrina"
"3050","Croissant Mixto",6.00,"Sandwich's Vitrina"
"3050-1","Croissant Mixto Completo",8.00,"Sandwich's Vitrina"
"3038","Hamburguesa",8.00,"Sandwich's Vitrina"
"3041","Hamburguesa Royal",10.00,"Sandwich's Vitrina"
"3075","Mixto Caliente",6.00,"Sandwich's Vitrina"
"3076","Mixto Completo",8.00,"Sandwich's Vitrina"
"3018","Pita Capresse",8.00,"Sandwich's Vitrina"
"3016","Pita Con Palta",5.00,"Sandwich's Vitrina"
"3015","Pita Con Pollo",7.00,"Sandwich's Vitrina"
"3017","Pita Con Pollo y Palta",8.00,"Sandwich's Vitrina"
"3022","Pita Mixto",6.00,"Sandwich's Vitrina"
"3059","Sandwich Butifarra",8.00,"Sandwich's Vitrina"
"3054","Sandwich Con Milanesa",8.00,"Sandwich's Vitrina"
"3073","Sandwich de Filete de Pollo",8.00,"Sandwich's Vitrina"
"3068","Sandwich de Hot Dog",6.00,"Sandwich's Vitrina"
"3081","Sandwich de Pollo Ciabatta",7.00,"Sandwich's Vitrina"
"3061","Sandwich de Pollo en Pan Hamburguesa",7.00,"Sandwich's Vitrina"
"3069","Sandwich Frankfurter",8.00,"Sandwich's Vitrina"
"3079","Sandwich Panini Con Pollo",8.00,"Sandwich's Vitrina"
"3062","Sandwich Poderoso",9.00,"Sandwich's Vitrina"
"3063","Sandwich Proteico",9.00,"Sandwich's Vitrina"
"3132","Sandwich Tres Jamones",8.00,"Sandwich's Vitrina"
"3043","Triple Clasico",8.00,"Sandwich's Vitrina"
"3046","Triple de Jamon+ Huevo y Pollo",7.00,"Sandwich's Vitrina"
"3044","Triple Jamon, Queso y Pollo",8.00,"Sandwich's Vitrina"
"3125","Triple Pollo, Jamon y Durazno",8.00,"Sandwich's Vitrina"
"3045","Triple Vegetariano",6.00,"Sandwich's Vitrina"
"1263","Anis Filtrante",2.50,"Bebidas Calientes"
"1286","Avena Con Durazno 12 Oz",2.00,"Bebidas Calientes"
"1287","Avena Con Durazno 16 Oz",3.50,"Bebidas Calientes"
"1246","Cafe Americano 12 Oz",7.00,"Bebidas Calientes"
"1245","Cafe Capuccino 12 Oz",8.00,"Bebidas Calientes"
"1258","Cafe Con Leche 12 Onz",8.00,"Bebidas Calientes"
"9928","Cafe Mocaccino 12 Oz",9.00,"Bebidas Calientes"
"1242","Cafe Pasado 12 Oz",5.00,"Bebidas Calientes"
"1264","Hierba Luisa Filtrante",2.50,"Bebidas Calientes"
"1262","Manzanilla Filtrante",2.00,"Bebidas Calientes"
"1300","Quinua Con Piña 8 Oz",2.00,"Bebidas Calientes"
"1260","Te Canela y Clavo Filtrante",3.00,"Bebidas Calientes"
"1350","Termo de Cafe",35.00,"Bebidas Calientes"
"1236","Chicha Morada 16 Oz",3.00,"Bebidas Frías"
"1212","Jugo de Fresa 16 Oz",7.00,"Bebidas Frías"
"1149","Jugo de Fresa Con Leche 12oz",5.00,"Bebidas Frías"
"1150","Jugo de Fresa Con Leche 16 Oz",8.00,"Bebidas Frías"
"1332","Jugo de Lucuma Con Leche",8.00,"Bebidas Frías"
"1138","Jugo de Mango 16oz",7.00,"Bebidas Frías"
"1178","Jugo de Naranja 16 Oz",7.00,"Bebidas Frías"
"1122","Jugo de Papaya 16 Oz",6.00,"Bebidas Frías"
"1165","Jugo de Papaya y Piña 12oz",6.00,"Bebidas Frías"
"1130","Jugo de Piña 16 Oz",6.00,"Bebidas Frías"
"1156","Jugo Especial 16 Oz",8.00,"Bebidas Frías"
"1208","Jugo Surtido 16 Oz",7.00,"Bebidas Frías"
"1321","Refresco del Dia",1.00,"Bebidas Frías"
"1324","Vaso de Refresco",0.50,"Bebidas Frías"
"2088","Alfajor Chico",5.00,"Bocaditos Dulces"
"2087","Alfajor de Maicena",5.00,"Bocaditos Dulces"
"3107","Alfajor de Maicena Chico",3.00,"Bocaditos Dulces"
"1188","Brownie Con Castañas",5.00,"Bocaditos Dulces"
"1187","Brownie Con Cookies And Cream",5.00,"Bocaditos Dulces"
"1190","Brownie Light",5.00,"Bocaditos Dulces"
"1191","Brownie Trufado",5.00,"Bocaditos Dulces"
"2261","Milhojas",9.00,"Bocaditos Dulces"
"2292","Milhojas de Fresa",8.00,"Bocaditos Dulces"
"2401","Relampago de Chocolate",7.50,"Bocaditos Dulces"
"2097","Empanada de Carne Normal",6.00,"Bocaditos Salados"
"2096","Empanada de Pollo Normal",6.00,"Bocaditos Salados"
"2098","Empanada Mixta Normal",6.00,"Bocaditos Salados"
"2332","Enrollado de Hot Dog",3.00,"Bocaditos Salados"
"2256","Enrollado de Pollo",9.00,"Bocaditos Salados"
"5503","Enrollado de Pollo a la Brasa",10.00,"Bocaditos Salados"
"5504","Enrollado de Pollo C/ Bbq",10.00,"Bocaditos Salados"
"2257","Enrollado Vegetariano",9.00,"Bocaditos Salados"
"2250","Enrrollado de Hot Dog",3.00,"Bocaditos Salados"
"0216","Ensalada Choclona",18.00,"Ensaladas Regular"
"0272","Ensalada Cocida",16.00,"Ensaladas Regular"
"PTE-0191","Ensalada Primavera",18.00,"Ensaladas Regular"
"4031","Bistec a la Plancha Con Papas Fritas y Arroz",16.00,"Bistec"
"4053","Bistec a Lo Pobre",20.00,"Bistec"
"4072","Broaster",6.00,"Broaster"
"4069","Broaster Con Arroz Chaufa",15.00,"Broaster"
"6034","Chaufa Amazonico",17.00,"Chaufa"
"4082","Chaufa de Carne",17.00,"Chaufa"
"4073","Chaufa de Pollo",17.00,"Chaufa"
"4074","Chaufa de Pollo - Chico",5.00,"Chaufa"
"4097","Porcion de Arroz",3.00,"Complementos"
"4094","Porcion de Huevo Frito",2.50,"Complementos"
"4100","Porcion de Palta",2.50,"Complementos"
"2227","Porcion de Papa Frita",5.00,"Complementos"
"4098","Porcion de Platano Frito",3.00,"Complementos"
"4271","Sopa Dieta de Pollo",13.00,"Sopas"
"4140","Hamburguesa Doble Carne Con Papas Fritas",12.00,"Hamburguesas y Sandwiches"
"4028","Milanesa a Lo Pobre",19.00,"Milanesa"
"4011","Milanesa Con Ensalada Fresca y Papa Frita",17.00,"Milanesa"
"4027","Milanesa Con Tallarines Verdes",19.00,"Milanesa"
"2100","Keke de Chocochip",4.00,"Kekes"
"2099","Keke de Naranja",4.00,"Kekes"
"2216","Keke de Platano Porcion",4.00,"Kekes"
"2272","Keke de Zanahoria",4.00,"Kekes"
"2238","5 Leches de Vainilla",9.00,"Tortas"
"2110","Torta de Chocolate Porcion",9.00,"Tortas"
"2112","Torta de Zanahoria",7.00,"Tortas"
"2328","Torta Helada",9.00,"Tortas"
"2331","Torta Moca",9.00,"Tortas"
"3111","Torta Selva Negra",8.00,"Tortas"
"2427","Torta Sublime",9.00,"Tortas"
"2116","Tres Leches Chocolate Porcion",9.00,"Tortas"
"2115","Tres Leches Vainilla Porcion",9.00,"Tortas"
"1210","Cocaditas Sabrina",4.00,"Postres Varios"
"MER-2221","Donas",5.00,"Postres Varios"
"2255","Gelatina 4 Onzas",3.00,"Postres Varios"
"2198","Flan 8 Onz",4.00,"Postre de Vitrina"
"2205","Gelatina Batida de Fresa 8 Onz.",5.00,"Postre de Vitrina"
"2206","Gelatina Batida de Piña 8 Onz.",3.00,"Postre de Vitrina"
"2201","Gelatina de Fresa 8 Onz",4.00,"Postre de Vitrina"
"2101","Keke Marmoleador",4.00,"Postre de Vitrina"
"2215","Pudin de Chocolate 8 Onz.",4.00,"Postre de Vitrina"
"2214","Pudin de Vainilla 8 Onz.",5.00,"Postre de Vitrina"
"2103","Keke de Chocolate",4.00,"Postre de Menú"
"2105","Keke de Vainilla",4.00,"Postre de Menú"
"2414","Helado Artesanal 1 Bola",3.00,"Helados"
"1169","Helado Yamboly Mediano (choco Bombom, Choco Mani, Maxi Gold, Sandwich, Copa Mix, Frozen Fruit)",2.00,"Helados"
"1168","Helado Yamboly Pequeño (praia Ice, Fusion, Pekitas,yambo Choc, Yambito, Capuccino, Coco Crema)",1.50,"Helados"
"1037","Gatorade 500 Ml",4.00,"Rehidratantes"
"MER-1046","Power  Rade Lima Limon 500 Ml",3.00,"Rehidratantes"
"MER-1048","Power Rade Mandarina 500 Ml",3.50,"Rehidratantes"
"1047","Power Rade Mora Azul 500 Ml",3.50,"Rehidratantes"
"1049","Power Rade Multifrutas 500 Ml",3.50,"Rehidratantes"
"1054","Sporade  Apple Ice Pet 500 Ml",3.00,"Rehidratantes"
"1052","Sporade Blueberry Pet 500 Ml",3.00,"Rehidratantes"
"1050","Sporade Mandarina Pet 500 Ml",3.00,"Rehidratantes"
"1051","Sporade Tropical Pet 500 Ml",3.50,"Rehidratantes"
"2268","Frugos del Valle 500 Ml",3.00,"Frugos"
"1026","Frugos Durazno Caja 235 Ml",3.00,"Frugos"
"1027","Frugos Durazno Plastico 300 Ml",3.50,"Frugos"
"2175","Ensalada de Frutas Chica",7.00,"Fruta"
"2177","Ensalada de Frutas Grande",7.00,"Fruta"
"2193","Manzana Chilena Roja Sn",2.50,"Fruta"
"2196","Pera Fruta",2.50,"Fruta"
"2191","Platano de Seda Sn",2.00,"Fruta"
"2509","Bebida Chocolac",2.50,"Jugos y otros"
"2274","Pulp 315 Ml Caja",2.00,"Jugos y otros"
"1516","Shake Capuccino",5.00,"Jugos y otros"
"2234","Shake Cookis",4.50,"Jugos y otros"
"1509","Shake Mocaccino",5.00,"Jugos y otros"
"1506","Tampico Citrus 500 Ml",3.00,"Jugos y otros"
"1510","Yofresh Fresa 320 Gr",4.00,"Yogurt Bebible"
"MER-5057","Yogurt Frutado Arandano",7.00,"Yogurt Bebible"
"3131","Yogurt Vainilla 180gr",3.00,"Yogurt Bebible"
"6692","Agua San Luis C/gas 625 Sabor Manzana",3.00,"Aguas Saborizadas"
"2290","Agua San Luis C/gas 625 Sabor Maracuya",3.00,"Aguas Saborizadas"
"2291","Agua San Luis C/gas 625 Sabor Piña",3.00,"Aguas Saborizadas"
"1505","Agua San Luis Sabor Limon",3.00,"Aguas Saborizadas"
"1520","Agua San Luis Sabor Manzana",3.00,"Aguas Saborizadas"
"1521","Agua San Luis Sabor Maracuya",3.00,"Aguas Saborizadas"
"9134","Bio Aguaje",4.00,"Aguas Saborizadas"
"MER-5051","Bio Aloe Uva 500 Ml",4.00,"Aguas Saborizadas"
"1014","Bio Arandano Vidrio 300 Ml",3.50,"Aguas Saborizadas"
"9133","Bio Camu Camu",3.50,"Aguas Saborizadas"
"1016","Free Tea Frutos Rojos Pet 500 Ml",3.50,"Aguas Saborizadas"
"1019","Free Tea Limon Pet 500 Ml",3.50,"Aguas Saborizadas"
"1017","Free Tea Negro Durazno Pet 500 Ml",3.50,"Aguas Saborizadas"
"1018","Free Tea Negro Limon Pet 500 Ml",3.50,"Aguas Saborizadas"
"1020","Freea Tea Light Limon Vidrio 450 Ml",3.50,"Aguas Saborizadas"
"2260","Carrot Cake",10.00,"Cheessecake Y Otros"
"2243","Cheesecake de Oreo",9.00,"Cheessecake Y Otros"
"2089","Cheesecake Fresa Porcion",9.00,"Cheessecake Y Otros"
"2405","Cheessecake de Maracuya",10.00,"Cheessecake Y Otros"
"2407","Cheessecake de Sauco",8.00,"Cheessecake Y Otros"
"2091","Chessecake Maracuya Porcion",10.00,"Cheessecake Y Otros"
"2086","Crema Volteada Porcion",8.00,"Cheessecake Y Otros"
"1344","Cuchareable Cheesecake de Durazno",10.00,"Cheessecake Y Otros"
"1144","Cuchareable Cheesecake de Fresa",10.00,"Cheessecake Y Otros"
"1337","Cuchareable Cheesecake de Frutos del Bosque",10.00,"Cheessecake Y Otros"
"1343","Cuchareable Chocolatoso",10.00,"Cheessecake Y Otros"
"1143","Cuchareable Chocomanjar",10.00,"Cheessecake Y Otros"
"1146","Cuchareable Cookies And Cream",10.00,"Cheessecake Y Otros"
"1336","Cuchareable de Alfajor",10.00,"Cheessecake Y Otros"
"1334","Cuchareable de Brownie",10.00,"Cheessecake Y Otros"
"1339","Cuchareable de Carrot Cake",10.00,"Cheessecake Y Otros"
"1335","Cuchareable de Chocolucuma",10.00,"Cheessecake Y Otros"
"1333","Cuchareable de Milhojas",10.00,"Cheessecake Y Otros"
"1139","Cuchareable Morochas",10.00,"Cheessecake Y Otros"
"1135","Cuchareable Pie de Limon",10.00,"Cheessecake Y Otros"
"1127","Cuchareable Sublime",10.00,"Cheessecake Y Otros"
"1342","Cuchareable Tiramisu",10.00,"Cheessecake Y Otros"
"1341","Cuchareable Tres Leches Chocolate",10.00,"Cheessecake Y Otros"
"1340","Cuchareable Tres Leches Vainilla",10.00,"Cheessecake Y Otros"
"2093","Pie de Limon Porcion",9.00,"Cheessecake Y Otros"
"2114","Pie de Manzana Porcion",8.00,"Cheessecake Y Otros"
"2080","Tartaleta de Fresa",9.00,"Cheessecake Y Otros"
"2241","Tartaleta de Fresa C/chantilly",8.00,"Cheessecake Y Otros"
"2428","Trufa de Chocolate",7.00,"Cheessecake Y Otros"
"MER-1002","Agua Cielo C/gas 626 Ml",2.00,"Aguas"
"1004","Agua Cielo S/gas 1 L",3.00,"Aguas"
"1003","Agua Cielo S/gas 625 Ml",2.50,"Aguas"
"1005","Agua San Luis C/gas 626 Ml",2.50,"Aguas"
"1006","Agua San Luis S/gas 626 Ml",2.50,"Aguas"
"MER-5049","Agua San Luis S/gas 750 Ml",3.00,"Aguas"
"1007","Agua San Luis Sport 1 L",3.50,"Aguas"
"1504","Agua San Mateo S/gas 500ml",3.00,"Aguas"
"MER-2004","Barra de Cereal Qfoods",3.00,"Confiteria"
"2016","Caramelo Mentitas",1.50,"Confiteria"
"MER-2006","Chips de Quinoa Con Guacamole",3.00,"Confiteria"
"2247","Chocolate Princesa",3.00,"Confiteria"
"2006","Chocolate Sublime Sonrisa 1.40g",3.50,"Confiteria"
"2007","Chocolate Triangulo de Leche 30gr",3.00,"Confiteria"
"1316","Chocolate Tuyo",2.00,"Confiteria"
"2329","Chocolate Vizzio",2.50,"Confiteria"
"2254","Chupetin Globo Pop",1.50,"Confiteria"
"2010","Galleta Chocolate Lentejas",2.50,"Confiteria"
"2059","Gomitas Finni",3.50,"Confiteria"
"2258","Halls",2.00,"Confiteria"
"8025","Mentitas 1",1.50,"Confiteria"
"1545","Pan Con Huevo Economico",1.50,"Confiteria"
"MER-2002","Sparkies",2.00,"Confiteria"
"2248","Trident",2.00,"Confiteria"
"2129","Gelatina 12 Onz",4.00,"Snacks Saludables"
"2224","Huevos Duros X2",3.00,"Snacks Saludables"
"9058","Parfait Con Chia 12 Onz",9.00,"Snacks Saludables"
"9059","Parfait Frutado 12 Onz",12.00,"Snacks Saludables"
"2311","Chifles Salados",2.00,"Snack"
"2025","Crissino al Ajo",4.00,"Snack"
"2024","Crissino de Huancaina",4.00,"Snack"
"2023","Crissino de Oregano",4.00,"Snack"
"2027","Crissinos de Aceituna",4.00,"Snack"
"2513","Crissinos de Ajonjoli",4.00,"Snack"
"2514","Crissinos Integrales",4.00,"Snack"
"2026","Crissinos Naturales",4.00,"Snack"
"2157","Cubiertos Descartables",0.50,"Snack"
"2278","Descartable Para Llevar",2.00,"Snack"
"1025","Fruto Seco Nuez",4.00,"Snack"
"1021","Frutos Secos Caju",4.00,"Snack"
"2523","Galleta Avena y Castaña X 5 Nancy Natur Clasica",4.00,"Snack"
"2521","Galleta Salvado Parmesano Nancy Natur 62 G",4.00,"Snack"
"2522","Galleta Salvado Romero Nancy Natur 62 G",4.00,"Snack"
"2004","Granuts Mani C/ Pasas",3.00,"Snack"
"2164","Habas Sn",3.00,"Snack"
"2501","Inka Chips Sal de Mar",3.00,"Snack"
"2163","Mani Con Pasas Sn",3.00,"Snack"
"2166","Mani Confitado Sn",3.00,"Snack"
"3103","Mix Frutos Secos 140 G",3.00,"Snack"
"3077","Mix Frutos Secos 60 G Sabrina",4.00,"Snack"
"2525","Palitos Ajonjoli Nancy Natur 55 G",4.00,"Snack"
"2524","Palitos Linaza y Salvado Nancy Natur 55 G",4.00,"Snack"
"2528","Palitos Yuca Ajonjoli Nancy Natur 50 G",4.00,"Snack"
"2527","Palitos Yuca Oregano Nancy Natur 50 G",4.00,"Snack"
"5045","Pita Chips de Ajos y Oregano 50 Gr",4.00,"Snack"
"5043","Pita Chips Integral de Ajos y Oregano 50 Gr",4.00,"Snack"
"2158","Pop Corn Chico",2.00,"Snack"
"2517","Pringles 104 Gr",10.00,"Snack"
"2018","Rosquitas",4.00,"Snack"
"2028","Rosquitas de Anis",4.00,"Snack"
"2019","Rosquitas Surtidas",4.00,"Snack"
"2056","Casino Alfajor",1.50,"Galletas"
"2500","Casino Chocolate",1.50,"Galletas"
"2055","Casino Fresa",1.50,"Galletas"
"2053","Casino Menta",1.50,"Galletas"
"2054","Casino Vainilla",1.50,"Galletas"
"2064","Charada",2.00,"Galletas"
"MER-2049","Chips Ahoy",2.00,"Galletas"
"2061","Chomp Chocolate",1.50,"Galletas"
"1198","Cookies de Avena Con Choco Chips y Chocolate Bitter",5.00,"Galletas"
"1192","Cookies de Choco Chips Con Chocolate Bitter",5.00,"Galletas"
"1195","Cookies de Chocom Chips Con Trozos de Brownie",5.00,"Galletas"
"2029","Galleta Choco",1.50,"Galletas"
"2001","Galleta Choco Boom",1.50,"Galletas"
"2035","Galleta Choco Donut",1.50,"Galletas"
"2042","Galleta Chokosoda",2.00,"Galletas"
"5047","Galleta Con Avena 100 Gr Cedro",4.00,"Galletas"
"5170","Galleta Con Quinua 100 Gr Cedro",4.00,"Galletas"
"2043","Galleta Coronita",1.50,"Galletas"
"2008","Galleta de Avena",4.00,"Galletas"
"2246","Galleta de Chocochip Grande",5.00,"Galletas"
"2530","Galleta de Kiwicha Amaia",4.00,"Galletas"
"2036","Galleta Frac",1.50,"Galletas"
"MER-2065","Galleta Integrales",1.50,"Galletas"
"2031","Galleta Margarita",1.50,"Galletas"
"2068","Galleta Marquesita Naranja",1.50,"Galletas"
"2075","Galleta Rellenita Chocolate",1.00,"Galletas"
"2041","Galleta Soda V",1.50,"Galletas"
"2032","Galleta Tentacion",1.50,"Galletas"
"1231","Galletas Avena Miel Sabrina",4.00,"Galletas"
"1232","Galletas Chocochips Sabrina",4.00,"Galletas"
"2930","Galletas de Maca Con Coco Amaia",4.00,"Galletas"
"2021","Galletas Laminados",3.00,"Galletas"
"1234","Galletas Maca y Canela Sabrina",4.00,"Galletas"
"2020","Galletas Palitos",4.00,"Galletas"
"1222","Galletas Quinua y Algarrobina Sabrina",4.00,"Galletas"
"2022","Galletas Redondas",4.00,"Galletas"
"2048","Glacitas Choconieve",1.50,"Galletas"
"2058","Glacitas Fresa",1.50,"Galletas"
"2057","Integrakers",1.50,"Galletas"
"2040","Mini Chips Ahoy",2.50,"Galletas"
"2037","Morochas",1.50,"Galletas"
"2034","Oreo Chocolate",1.50,"Galletas"
"2062","Oreo Doble Vainilla",3.00,"Galletas"
"2297","Oreo Taco",3.00,"Galletas"
"2046","Picaras Clasica",1.50,"Galletas"
"2045","Ritz",1.00,"Galletas"
"2039","Soda Field",1.50,"Galletas"
"1514","Energizante Monster",9.00,"Energizantes"
"2340","Red Bull",9.00,"Energizantes"
"1009","Volt 450 Ml",5.00,"Energizantes"
"1056","Volt Blue Pet 300 Ml",3.00,"Energizantes"
"1055","Volt Fantasy Pet 300 Ml",3.00,"Energizantes"
"1058","Volt Rainbow Pet 300 Ml",3.00,"Energizantes"
"1059","Volt Uva Pet 300 Ml",3.00,"Energizantes"
